id	name	staple	meat	fruit	veg
1	飯/1碗	4	0	0	0
2	飯/50g	1	0	0	0
3	生米/20g	1	0	0	0
4	熟麵/1碗(陽春麵、烏龍麵、米粉、河粉)	3	0	0	0
5	熟麵/60g	1	0	0	0
6	熟麵/1碗(米苔目、麵線)	2	0	0	0
7	生的乾麵條/20g (義大利麵、麵線、關廟麵）	1	0	0	0
8	麥片/2湯匙	1	0	0	0
9	生麥片/20g	1	0	0	0
10	方形吐司(去邊)/1片	1	0	0	0
11	拱形吐司(有邊)/1片	2	0	0	0
12	吐司或無餡麵包/25g	1	0	0	0
13	漢堡/1個	3	0	0	0
14	漢堡/25g	1	0	0	0
15	貝果/1個	4	0	0	0
16	貝果/25g	1	0	0	0
17	原味蛋餅/1份	2	1	0	0
18	傳統飯糰(不油條)，3指寬，長度3分之2手掌大/1個	3	1	0	0
19	傳統飯糰(不油條)，4指寬，長度3分之2手掌大/1個	4	1	0	0
20	饅頭/1個	4	0	0	0
21	饅頭/30g	1	0	0	0
22	肉包掌心大/1個	3	1	0	0
23	菜包掌心大/1個	3	0	0	0
24	八方雲集水餃/2個	1	1	0	0
25	冷凍水餃/3個	1	1	0	0
26	鼎泰豐鮮蝦餛飩/3個	1	1	0	0
27	汾陽餛飩/4個	1	1	0	0
28	溫州餛飩/2個	1	2	0	0
29	潤餅(不花生粉、糖粉、蛋酥、香腸)/1個	2	2	0	0
30	割包(不花生粉、糖粉、醃製配菜、去肥肉）/1個	3	2	0	0
31	越式涼皮春卷/1條	1	1	0	0
32	玉米/1根	2	0	0	0
33	玉米食指長度/1截	1	0	0	0
34	玉米粒/3湯匙	1	0	0	0
35	地瓜/1碗	3	0	0	0
36	地瓜/1個雞蛋大小	1	0	0	0
37	地瓜(帶皮，一次最多不超過 4 份)/65g	1	0	0	0
38	馬鈴薯/3分之2碗	1	0	0	0
39	馬鈴薯/90g	1	0	0	0
40	芋頭/1碗	2	0	0	0
41	芋頭/55g	1	0	0	0
42	南瓜/1碗	2	0	0	0
43	南瓜/85g	1	0	0	0
44	珍珠/3湯匙	1	0	0	0
45	珍珠/大杯	2	0	0	0
46	綠豆不含湯/1碗	4	0	0	0
47	熟綠豆/50g	1	0	0	0
48	紅豆不含湯/1碗	4	0	0	0
49	熟紅豆/50g	1	0	0	0
50	薏仁不含湯/1碗	4	0	0	0
51	熟薏仁/50g	1	0	0	0
52	御飯糰(避免明太子、卵、鮪魚、美乃滋)/1個	2	1	0	0
53	紐奧良烤雞三明治(去皮)/1個	2	2	0	0
54	喝的桂格燕麥飲290mL/1瓶	2	0	0	0
55	顆粒燕麥飲290mL/1瓶	2	0	0	0
56	蛋/1個	0	1	0	0
57	橢圓狀火鍋肉片/3片	0	1	0	0
58	長條狀火鍋肉片/2片	0	1	0	0
59	熟肉(雞豬牛羊魚)/1碗	0	4	0	0
60	熟肉(雞豬牛羊魚)/30g	0	1	0	0
61	熟肉(雞豬牛羊魚)/掌心大	0	2	0	0
62	熟肉(雞豬牛羊魚)/2指寬	0	1	0	0
63	熟肉(雞豬牛羊魚)/2湯匙	0	1	0	0
64	蛤蠣/10顆	0	1	0	0
65	蚵仔/2湯匙	0	1	0	0
66	白蝦/3隻	0	1	0	0
67	泰國蝦/2隻	0	1	0	0
68	明蝦/1隻	0	1	0	0
69	花枝/墨魚/3圈	0	1	0	0
70	毛豆/15條	0	1	0	0
71	毛豆/3湯匙	0	1	0	0
72	L型雞腿/1	0	4	0	0
73	棒腿/1	0	2	0	0
74	BBQ小棒腿/1	0	1	0	0
75	板豆腐/1碗	0	2	0	0
76	嫩豆腐/1碗	0	2	0	0
77	中華嫩豆腐/1盒	0	2	0	0
78	黃豆乾/1片	0	1	0	0
79	黑豆乾/1片	0	3	0	0
80	無糖豆漿/240mL	0	1	0	0
81	濕豆皮/1片	0	2	0	0
82	豆花/3分之2碗	0	1	0	0
83	豆花/120g	0	1	0	0
84	豆花配料(3湯匙)	1	0	0	0
85	素雞/1條	0	2	0	0
86	無糖優酪乳/100mL	0	1	0	0
87	無糖優格/100g	0	1	0	0
88	全脂牛奶/120mL	0	1	0	0
89	低脂牛奶/150mL	0	1	0	0
90	奶粉/3湯匙	0	1	0	0
91	低脂起司/2片	0	1	0	0
92	超商拿鐵(大)/1杯	0	2	0	0
93	星巴克拿鐵(大杯)/1杯	0	3	0	0
94	星巴克拿鐵(中杯)/1杯	0	2	0	0
95	桂格豆漿燕麥飲290mL/1瓶	1	1	0	0
96	超商舒肥雞胸肉/40g	0	1	0	0
97	蘋果拳頭大/1個	0	0	2	0
98	蘋果柳丁大/1個	0	0	1	0
99	芭樂/1顆	0	0	2	0
100	火龍果/1碗	0	0	2	0
101	香蕉/1根	0	0	2	0
102	草莓/1碗	0	0	1	0
103	藍莓/1碗	0	0	1	0
104	水蜜桃拳頭大/1顆	0	0	2	0
105	水蜜桃柳丁大/1顆	0	0	1	0
106	小番茄/12顆	0	0	1	0
107	小番茄/1碗	0	0	1	0
108	龍眼/12顆	0	0	1	0
109	荔枝/5個	0	0	1	0
110	葡萄/10顆	0	0	1	0
111	櫻桃/9顆	0	0	1	0
112	百香果/2顆	0	0	1	0
113	蓮霧/2顆	0	0	1	0
114	奇異果/1顆	0	0	1	0
115	鳳梨/6片三角形	0	0	1	0
116	鳳梨/3分之2碗	0	0	1	0
117	西瓜/1碗	0	0	1	0
118	木瓜/1碗	0	0	1	0
119	哈密瓜/1.5碗	0	0	1	0
120	水梨/3分之2碗	0	0	1	0
121	李子/1個	0	0	1	0
122	愛文芒果/1碗	0	0	2	0
123	硬柿子/1個	0	0	2	0
124	軟柿子/1個	0	0	1	0
125	柳丁/1個	0	0	1	0
126	橘子柳丁大/1個	0	0	1	0
127	砂糖橘/2個	0	0	1	0
128	椪柑比柳丁大/1個	0	0	2	0
129	葡萄柚/1個	0	0	2	0
130	釋迦/1碗	0	0	2	0
131	鳳梨釋迦/3分之2碗	0	0	2	0
132	棗子/1個	0	0	1	0
133	蜜李棗/5顆	0	0	1	0
134	美心低糖蛋黃蓮蓉月餅/1顆	3	2	0	0
135	小蛋黃酥/2顆	1.5	1	0.5	0
136	小蛋黃酥(去蛋黃)/2顆	1.5	0.5	0.5	0
137	紀文黑豆豆腐麵/1包	0	1	0	0
138	紀文零糖豆腐麵/1包	0	1	0	0
139	碗粿	2	1	0	0
140	水餃/60克	1	1	0	0
141	團購的小籠包子/1顆	1	0.5	0	0
142	麵粉/20克	1	0	0	0
143	素餃/60克	1	0.5	0	0
144	小的 110 卡的統一布丁/1個	0	1	1	0
145	蘋果調味乳/400ml	0	1.5	3	0
146	波蜜低卡果菜汁/1瓶	0	0	1.5	0
147	營養標示碳水化合物/15克	1	0	0	0
148	喜年來蛋捲/36克	1	1.5	1	0
149	蓮藕/100克	1	0	0	0
150	山藥/80克	1	0	0	0
151	雞胸肉水餃/140克	2	1.5	0	0
152	珍珠鮮奶茶/大杯	2	2	0	0
153	珍珠鮮奶茶/中杯	2	1	0	0
154	握壽司/3個	1	1	0	0
155	海苔壽司(日本料理店)/2個	1	0.5	0	0
156	海苔壽司(攤販類)/3個	1	0.5	0	0
157	花壽司(日本料理店)/2個	2	1	0	0
158	花壽司(攤販類)/2個	1	1	0	0
159	炙燒牛肉壽司(一盒十顆的size)/3個	1	1	0	0
160	雞排去皮	0	4	0	0
161	秋葵、玉米筍/6根	0	0	0	1
162	干貝50元大小/2顆	0	1	0	0
163	大顆干貝/1顆	0	1	0	0
164	粽子	3	2	0	0
165	窯烤 Pizza 8 吋/1片	1	1	0	0
166	窯烤 Pizza 10 吋以上/1片	2	1	0	0
167	豬肋條/1條	0	1	0	0
168	麻糬貢丸大小/1顆	1	0	0	0
169	粥大紙碗/1碗	4	0	0	0
170	粥吃飯碗大小/1碗	2	0	0	0
171	春上布丁蛋糕(古早味蛋糕)/2指大小	1	1	0	0
172	統一布丁	0	1	1	0
173	ACE餅乾綠色包裝(避免蔥口味)/1包	1	0	0	0
174	碗粿(不加醬)	2	1	0	0
175	炸蝦(去皮)/2隻	0	1	0	0
176	厚片吐司/1片	3	0	0	0
177	蘿蔔糕(自己煎)/50g	1	0	0	0
178	豆腐/80g	0	1	0	0
179	布里起司/25g	0	1	0	0
180	大苑子愛文翡翠 (不加糖)	0	0	2	0
181	大苑子愛文翡翠 (微糖)	0	0	3	0
182	大苑子芒果冰沙 (中杯，避免大杯)	0	0	3	0
183	啤酒/100ml	1	0	0	0
184	清酒、香檳、紅酒、白酒/100ml	2	0	0	0
185	調酒/100ml	1	1	0	0
186	養樂多(紅)/1罐	0	0	1.5	0
187	養樂多(藍)/1罐	0	0	1	0
188	燕麥奶/250ml	1	1	0	0
189	低糖豆漿(含糖不要在晚上喝，會影響體脂)/240ml	0	1	1	0
190	711握便當雙拼	4	1.5	0	0
191	浪味仙/95g	5	3.5	0	0
192	香雞排/1片	0	5	0	0
193	紅豆餅	2	1	1	0
194	福砂屋蜂蜜蛋糕/2指寬	1	0	1	0
195	文旦(柚子)/5片	0	0	1	0
196	白柚、紅柚/3片	0	0	1	0
197	摩斯蒟蒻葡萄	0	0	2	0
198	蛋黃酥/1顆	2	1	1	0
199	紅白湯圓/10顆	1	0	0	0
200	桂冠湯圓大小，鹹湯圓/2個	1	1	0	0
201	桂冠湯圓大小，花生芝麻/2個	1	1	1	0
202	油飯/200g	3	2	0	0
203	CJ Bibigo Plantable 冷凍高麗韭菜餃(from Costco)/100g	1.5	1	0	0
204	池上米餅椒鹽口味/25g	1.5	0.5	0	0
205	李鵠鳳梨酥/1顆	1.5	1	1	0
206	義美香芋夾心酥/38g	1.5	1	0.5	0
207	711藍莓貝果/1個	4	0	0	0
208	711粥天子皮蛋瘦肉粥/1碗	2	1.5	0	0
209	好吃的日本地瓜餅乾/38g	1.5	1	0.5	0
210	LeTao 巧克力夾心餅乾/3片	1	1	0.5	0
211	手工青醬雞肉麵捲	2.5	3	0	0
212	POP CORNERS SWEET CHILI (紫色包裝)/1份	1.5	0.5	0	0
213	手工番茄雞肉麵捲	2	2.5	0	0
214	手工瑪格麗雞肉麵捲	2	2	0	0
215	三杯雞花椰菜米	1.5	3	0	0
216	手工松露雞肉麵捲	2	2.5	0	0
217	冰淇淋/1球	0	1	1	0
218	肉桂捲/掌心大	3	1.5	1	0
219	越式春捲/1條	1	1	0	0
220	摩斯超級大麥元氣牛肉珍珠堡	3	4	0	0
221	可爾必思(60卡)/330ml	0	0	1	0
222	全家青醬優格雞肉握沙拉	2	2	0	0
223	全家雙色地瓜雞肉握沙拉	3	1.5	0	0
224	肉乾/20g	0	1	0	0
225	牛軋糖/20g	0	1	0.5	0
226	鱈魚香絲/20g	0	1	0	0
227	甜年糕/50g	1.5	0	0.5	0
228	紅豆年糕/60g	2	0	0.5	0
229	蛋捲/30g	1	1	0.5	0
230	花生糖/20g	0	0.5	0.5	0
231	烏魚子/20g	0	1	0	0
232	發糕/50g	1	0	0	0
233	花生、堅果、瓜子/15g	0	1	0	0
234	寸棗/25g	1	1	0.5	0
235	麻荖/20g	1	1	0	0
236	南棗核桃糕/40g	1.5	1	1	0
237	小林煎餅(一天最多2片)/2片	2	0	0	0
238	摩斯薑汁燒肉珍珠堡	3	2	0	0
239	菇王香椿醬	0	0	0	0
240	左岸咖啡無加糖拿鐵	0	1	1	0
241	旺來興馬鈴薯條/ 50g	1	0	0	0
242	菠蘿麵包/ 手掌大	2	1	0	0
243	CJ 韓國冷凍高麗菜素餃/ 100g	1.5	1	0	0
244	卡薄燒/45g (1片10g)	1.5	0.5	1	0
245	muji 草莓紅茶罐裝/ 315ml	0	0	2	0
246	南瓜海鮮豆腐煲	1	2.5	0	0
247	711切達起司貝果/1個	4	1	0	0
248	米三豆草莓大福/1個	1	0	1	0
249	李鵠鳳梨酥	1.5	1	1	0
250	杰哥韭菜盒	2.5	1	0	0
251	杰哥高麗菜盒	2	0.5	0	0
252	惡魔風義大利肉醬麵	3.5	2.5	0	0
253	金蘋果牛奶(一罐)/175ml	0	0.5	1.5	0
254	小木屋鬆餅	3	1	1	0
255	菱角/7顆	1	0	0	0
256	桂冠包餡小湯圓/10顆	1	1	1	0
257	原味鬆餅粉/100g	3.5	0	2	0
258	波蜜果菜汁(綠)/250ml	0	0	1.5	0
259	湖池屋海苔洋芋片/30g	1.5	1	0	0
260	牛奶蛋白飲(奶茶味)/200ml	0	1.5	0	0
261	有機桑葚果汁蒟蒻/40g	0	0	0.5	0
262	有機草莓果汁蒟蒻/40g	0	0	0.5	0
263	一之鄉太陽餅/50g	1.5	1	0.5	0
264	韓國草莓保久乳	0	1	1.5	0
265	營養標示碳水化合物/15g	1	0	0	0
266	營養標示卡路里/60卡	0	0	1	0
267	樂食廚房古早味粉漿蛋餅粉/20g	1	0	0	0
268	艾佳雞蛋糕粉/40g	1	0	1	0
269	桂格濃湯燕麥鮮蔬蘑菇風味/包	2	1	0	0
270	麥當勞蕈菇牛肉堡	3	3	0	0
271	麥當勞黃金地瓜條(應避免)/460大卡/份	3.5	1.5	1.5	0
